sheet_id,snapshot_min,total_stationary,sitting,standing_leaning,social_interaction,alone,pair_group,intervention_use,site,condition,observer_id
S01,5,10,4.0,6.0,4,6,4.0,,Space A,PRE,A01
S01,10,6,3.0,3.0,2,4,2.0,,Space A,PRE,A01
S01,15,10,4.0,6.0,4,6,4.0,,Space A,PRE,A01
S01,20,6,3.0,3.0,2,4,2.0,,Space A,PRE,A01
S02,5,8,4.0,4.0,3,5,3.0,,Space A,PRE,A02
S02,10,6,3.0,3.0,2,4,2.0,,Space A,PRE,A02
S02,15,8,4.0,4.0,3,5,3.0,,Space A,PRE,A02
S02,20,6,3.0,3.0,2,4,2.0,,Space A,PRE,A02
S03,5,8,4.0,4.0,3,5,3.0,,Space A,PRE,A03
S03,10,7,3.0,4.0,3,4,3.0,,Space A,PRE,A03
S03,15,10,4.0,6.0,4,6,4.0,,Space A,PRE,A03
S03,20,6,3.0,3.0,2,4,2.0,,Space A,PRE,A03
S04,5,10,4.0,6.0,4,6,4.0,,Space A,PRE,A04
S04,10,6,3.0,3.0,2,4,2.0,,Space A,PRE,A04
S04,15,10,4.0,6.0,4,6,4.0,,Space A,PRE,A04
S04,20,6,3.0,3.0,2,4,2.0,,Space A,PRE,A04
S05,5,9,4.0,5.0,4,5,4.0,,Space A,PRE,A05
S05,10,8,4.0,4.0,3,5,3.0,,Space A,PRE,A05
S05,15,8,4.0,4.0,3,5,3.0,,Space A,PRE,A05
S05,20,6,3.0,3.0,2,4,2.0,,Space A,PRE,A05
S06,5,10,,,4,6,,,Space A,PRE,A06
S06,10,6,,,2,4,,,Space A,PRE,A06
S06,15,9,,,4,5,,,Space A,PRE,A06
S06,20,8,,,3,5,,,Space A,PRE,A06
S07,5,11,7.0,4.0,6,5,6.0,6.0,Space A,POST,A01
S07,10,7,4.0,3.0,4,3,4.0,4.0,Space A,POST,A01
S07,15,8,5.0,3.0,4,4,4.0,4.0,Space A,POST,A01
S07,20,13,8.0,5.0,7,6,7.0,6.0,Space A,POST,A01
S08,5,11,7.0,4.0,6,5,6.0,6.0,Space A,POST,A02
S08,10,8,5.0,3.0,4,4,4.0,4.0,Space A,POST,A02
S08,15,9,5.0,4.0,5,4,5.0,4.0,Space A,POST,A02
S08,20,13,8.0,5.0,7,6,7.0,6.0,Space A,POST,A02
S09,5,9,5.0,4.0,5,4,5.0,4.0,Space A,POST,A03
S09,10,8,5.0,3.0,4,4,4.0,4.0,Space A,POST,A03
S09,15,10,6.0,4.0,6,4,6.0,5.0,Space A,POST,A03
S09,20,13,8.0,5.0,7,6,7.0,6.0,Space A,POST,A03
S10,5,11,7.0,4.0,6,5,6.0,6.0,Space A,POST,A04
S10,10,8,5.0,3.0,4,4,4.0,4.0,Space A,POST,A04
S10,15,8,5.0,3.0,4,4,4.0,4.0,Space A,POST,A04
S10,20,12,7.0,5.0,7,5,7.0,6.0,Space A,POST,A04
S11,5,9,5.0,4.0,5,4,5.0,4.0,Space A,POST,A05
S11,10,7,4.0,3.0,4,3,4.0,4.0,Space A,POST,A05
S11,15,8,5.0,3.0,4,4,4.0,4.0,Space A,POST,A05
S11,20,13,8.0,5.0,7,6,7.0,6.0,Space A,POST,A05
S12,5,9,5.0,4.0,5,4,5.0,4.0,Space A,POST,A06
S12,10,8,5.0,3.0,4,4,4.0,4.0,Space A,POST,A06
S12,15,9,5.0,4.0,5,4,5.0,4.0,Space A,POST,A06
S12,20,13,8.0,5.0,7,6,7.0,6.0,Space A,POST,A06
S13,5,7,3.0,4.0,3,4,3.0,,Space B,PRE,B01
S13,10,8,4.0,4.0,3,5,3.0,,Space B,PRE,B01
S13,15,5,2.0,3.0,2,3,2.0,,Space B,PRE,B01
S13,20,3,1.0,2.0,1,2,1.0,,Space B,PRE,B01
S14,5,7,3.0,4.0,3,4,3.0,,Space B,PRE,B02
S14,10,8,4.0,4.0,3,5,3.0,,Space B,PRE,B02
S14,15,5,2.0,3.0,2,3,2.0,,Space B,PRE,B02
S14,20,3,1.0,2.0,1,2,1.0,,Space B,PRE,B02
S15,5,7,3.0,4.0,3,4,3.0,,Space B,PRE,B03
S15,10,8,4.0,4.0,3,5,3.0,,Space B,PRE,B03
S15,15,4,2.0,2.0,2,2,2.0,,Space B,PRE,B03
S15,20,3,1.0,2.0,1,2,1.0,,Space B,PRE,B03
S16,5,9,4.0,5.0,4,5,4.0,,Space B,PRE,B04
S16,10,7,3.0,4.0,3,4,3.0,,Space B,PRE,B04
S16,15,3,1.0,2.0,1,2,1.0,,Space B,PRE,B04
S16,20,5,2.0,3.0,2,3,2.0,,Space B,PRE,B04
S17,5,8,,,3,5,,,Space B,PRE,B05
S17,10,6,,,2,4,,,Space B,PRE,B05
S17,15,3,,,1,2,,,Space B,PRE,B05
S17,20,5,,,2,3,,,Space B,PRE,B05
S18,5,9,5.0,4.0,5,4,5.0,4.0,Space B,POST,B01
S18,10,6,4.0,2.0,3,3,3.0,3.0,Space B,POST,B01
S18,15,5,3.0,2.0,3,2,3.0,2.0,Space B,POST,B01
S18,20,4,2.0,2.0,2,2,2.0,2.0,Space B,POST,B01
S19,5,9,5.0,4.0,5,4,5.0,4.0,Space B,POST,B02
S19,10,7,4.0,3.0,4,3,4.0,4.0,Space B,POST,B02
S19,15,5,3.0,2.0,3,2,3.0,2.0,Space B,POST,B02
S19,20,3,2.0,1.0,2,1,2.0,2.0,Space B,POST,B02
S20,5,9,5.0,4.0,5,4,5.0,4.0,Space B,POST,B03
S20,10,7,4.0,3.0,4,3,4.0,4.0,Space B,POST,B03
S20,15,5,3.0,2.0,3,2,3.0,2.0,Space B,POST,B03
S20,20,3,2.0,1.0,2,1,2.0,2.0,Space B,POST,B03
S21,5,8,5.0,3.0,4,4,4.0,4.0,Space B,POST,B04
S21,10,5,3.0,2.0,3,2,3.0,2.0,Space B,POST,B04
S21,15,3,2.0,1.0,2,1,2.0,2.0,Space B,POST,B04
S21,20,3,2.0,1.0,2,1,2.0,2.0,Space B,POST,B04
S22,5,9,5.0,4.0,5,4,5.0,4.0,Space B,POST,B05
S22,10,6,4.0,2.0,3,3,3.0,3.0,Space B,POST,B05
S22,15,3,2.0,1.0,2,1,2.0,2.0,Space B,POST,B05
S22,20,5,3.0,2.0,3,2,3.0,2.0,Space B,POST,B05
