site,condition,snapshot_min,total_stationary,sitting,standing_leaning,social_interaction,alone,pair_group,intervention_use,observers,obs_min,obs_max,obs_mean,obs_sd,cv
Space A,POST,5,10.0,6.0,4.0,5.5,4.5,5.5,5.0,6,9,11,10.0,1.0954451150103321,0.11
Space A,POST,10,8.0,5.0,3.0,4.0,4.0,4.0,4.0,6,7,8,7.666666666666667,0.5163977794943222,0.067
Space A,POST,15,8.5,5.0,3.5,4.5,4.0,4.5,4.0,6,8,10,8.666666666666666,0.816496580927726,0.094
Space A,POST,20,13.0,8.0,5.0,7.0,6.0,7.0,6.0,6,12,13,12.833333333333334,0.4082482904638629,0.032
Space A,PRE,5,9.5,4.0,5.0,4.0,5.5,4.0,,6,8,10,9.166666666666666,0.9831920802501751,0.107
Space A,PRE,10,6.0,3.0,3.0,2.0,4.0,2.0,,6,6,8,6.5,0.8366600265340757,0.129
Space A,PRE,15,9.5,4.0,6.0,4.0,5.5,4.0,,6,8,10,9.166666666666666,0.9831920802501748,0.107
Space A,PRE,20,6.0,3.0,3.0,2.0,4.0,2.0,,6,6,8,6.333333333333333,0.816496580927726,0.129
Space B,POST,5,9.0,5.0,4.0,5.0,4.0,5.0,4.0,5,8,9,8.8,0.44721359549995787,0.051
Space B,POST,10,6.0,4.0,2.0,3.0,3.0,3.0,3.0,5,5,7,6.2,0.8366600265340756,0.135
Space B,POST,15,5.0,3.0,2.0,3.0,2.0,3.0,2.0,5,3,5,4.2,1.0954451150103324,0.261
Space B,POST,20,3.0,2.0,1.0,2.0,1.0,2.0,2.0,5,3,5,3.6,0.8944271909999159,0.248
Space B,PRE,5,7.0,3.0,4.0,3.0,4.0,3.0,,5,7,9,7.6,0.8944271909999159,0.118
Space B,PRE,10,8.0,4.0,4.0,3.0,5.0,3.0,,5,6,8,7.4,0.894427190999916,0.121
Space B,PRE,15,4.0,2.0,2.5,2.0,2.0,2.0,,5,3,5,4.0,1.0,0.25
Space B,PRE,20,3.0,1.0,2.0,1.0,2.0,1.0,,5,3,5,3.8,1.0954451150103324,0.288
