participant_id,site,condition,positive_affect,negative_affect,perceived_restoration,affect_balance,rmssd_ms,mean_hr_bpm,sdnn_ms,quality_flag,pvt_median_rt_ms,pvt_lapses,flanker_accuracy,flanker_congruent_rt_ms,flanker_incongruent_rt_ms,flanker_interference_ms
AP01,Space A,POST,5.6,1.51,4.62,4.09,38.5,57.8,40.6,ok,388.0,1,0.981,494.0,535.0,41.0
AP01,Space A,PRE,4.71,2.26,2.13,2.45,31.7,54.4,42.0,ok,399.0,1,0.926,506.0,574.0,68.0
AP02,Space A,POST,4.89,1.91,4.81,2.9799999999999995,50.7,75.0,60.2,ok,233.0,1,0.932,448.0,508.0,60.0
AP02,Space A,PRE,4.18,1.5,4.38,2.6799999999999997,48.9,73.3,63.7,ok,250.0,1,0.953,452.0,514.0,62.0
AP03,Space A,POST,3.93,2.72,5.29,1.21,39.6,77.1,41.9,ok,343.0,1,0.917,475.0,537.0,62.0
AP03,Space A,PRE,3.37,3.13,4.47,0.2400000000000002,28.8,77.0,35.1,ok,347.0,5,0.919,495.0,567.0,72.0
AP04,Space A,POST,4.97,2.61,2.95,2.36,32.3,85.3,39.8,ok,350.0,1,0.902,471.0,536.0,65.0
AP04,Space A,PRE,4.64,2.85,2.61,1.7899999999999996,33.6,79.6,44.0,ok,350.0,5,0.945,449.0,529.0,80.0
AP05,Space A,POST,3.51,2.03,4.3,1.48,30.1,77.6,35.6,ok,342.0,3,0.943,500.0,539.0,39.0
AP05,Space A,PRE,2.55,2.55,4.19,0.0,27.4,76.0,34.4,ok,342.0,3,0.932,519.0,559.0,40.0
AP06,Space A,POST,4.34,2.25,1.67,2.09,39.3,88.9,43.9,ok,294.0,0,0.904,418.0,480.0,62.0
AP06,Space A,PRE,4.7,2.36,2.46,2.3400000000000003,42.0,84.9,52.3,ok,305.0,5,0.93,435.0,502.0,67.0
AP07,Space A,POST,5.37,2.47,2.97,2.9,46.7,78.5,68.9,ok,286.0,1,0.928,448.0,499.0,51.0
AP07,Space A,PRE,5.09,2.41,3.17,2.6799999999999997,48.5,78.6,58.9,ok,291.0,2,0.954,440.0,493.0,53.0
AP08,Space A,POST,4.69,2.23,5.67,2.4600000000000004,55.9,87.8,56.2,ok,267.0,2,0.963,398.0,447.0,49.0
AP08,Space A,PRE,4.27,3.0,3.62,1.2699999999999996,40.5,84.4,63.6,ok,286.0,0,0.933,381.0,450.0,69.0
AP09,Space A,POST,3.56,2.4,4.37,1.1600000000000001,58.2,68.1,70.7,ok,356.0,1,0.958,517.0,585.0,68.0
AP09,Space A,PRE,3.0,2.92,3.36,0.08000000000000007,55.4,66.1,72.9,ok,372.0,1,0.938,552.0,603.0,51.0
AP10,Space A,POST,5.83,2.85,4.89,2.98,31.3,75.0,30.7,ok,299.0,2,0.948,507.0,517.0,10.0
AP10,Space A,PRE,5.2,3.44,3.79,1.7600000000000002,23.4,70.8,36.2,ok,329.0,2,0.927,498.0,551.0,53.0
AP11,Space A,POST,5.84,1.51,4.81,4.33,33.3,74.4,37.8,ok,303.0,1,0.963,527.0,574.0,47.0
AP11,Space A,PRE,5.66,1.86,4.07,3.8,29.2,74.6,37.4,ok,311.0,1,0.957,530.0,607.0,77.0
AP12,Space A,POST,4.48,1.74,5.32,2.74,40.7,68.9,34.1,ok,281.0,2,0.951,475.0,543.0,68.0
AP12,Space A,PRE,4.31,1.98,4.68,2.3299999999999996,34.1,64.4,36.3,ok,302.0,2,0.945,488.0,527.0,39.0
BP01,Space B,POST,3.76,3.05,2.77,0.71,32.6,83.8,47.3,ok,319.0,2,0.947,548.0,603.0,55.0
BP01,Space B,PRE,3.47,3.3,2.5,0.17000000000000037,35.2,81.2,46.4,ok,310.0,1,0.928,553.0,615.0,62.0
BP02,Space B,POST,3.62,2.45,5.11,1.17,43.5,92.2,50.6,ok,346.0,4,0.953,424.0,491.0,67.0
BP02,Space B,PRE,4.19,3.06,4.99,1.1300000000000003,41.7,92.5,55.4,ok,347.0,1,0.947,405.0,498.0,93.0
BP03,Space B,POST,3.48,2.11,3.48,1.37,38.2,87.5,53.3,ok,322.0,2,0.957,483.0,536.0,53.0
BP03,Space B,PRE,3.29,2.57,2.91,0.7200000000000002,35.2,87.1,48.2,ok,300.0,2,0.945,483.0,539.0,56.0
BP04,Space B,POST,4.88,2.6,3.6,2.28,46.4,78.0,60.1,ok,300.0,2,0.95,504.0,563.0,59.0
BP04,Space B,PRE,4.91,2.49,3.44,2.42,45.5,72.8,63.4,ok,316.0,1,0.92,494.0,551.0,57.0
BP05,Space B,POST,4.12,2.82,3.83,1.3000000000000003,48.7,82.8,60.4,ok,309.0,0,0.949,502.0,574.0,72.0
BP05,Space B,PRE,3.99,2.7,3.67,1.29,50.0,78.1,59.2,ok,296.0,7,0.912,527.0,574.0,47.0
BP06,Space B,POST,4.73,2.04,3.98,2.6900000000000004,28.7,78.4,26.1,ok,292.0,0,0.96,499.0,553.0,54.0
BP06,Space B,PRE,4.41,3.04,2.73,1.37,26.4,76.5,28.1,ok,296.0,2,0.912,474.0,556.0,82.0
BP07,Space B,POST,5.25,2.7,4.87,2.55,47.8,71.1,57.4,check,285.0,0,0.945,427.0,492.0,65.0
BP07,Space B,PRE,4.89,3.13,4.66,1.7599999999999998,44.2,67.5,57.5,ok,280.0,1,0.933,452.0,498.0,46.0
BP08,Space B,POST,3.78,3.61,3.79,0.16999999999999993,37.1,92.3,50.6,ok,321.0,2,0.926,473.0,534.0,61.0
BP08,Space B,PRE,3.72,3.77,2.97,-0.04999999999999982,32.6,87.5,50.3,ok,327.0,0,0.932,487.0,547.0,60.0
BP09,Space B,POST,3.21,2.29,4.65,0.9199999999999999,30.1,96.7,46.5,ok,315.0,3,0.989,454.0,487.0,33.0
BP09,Space B,PRE,3.13,2.06,5.47,1.0699999999999998,33.6,90.0,41.0,ok,310.0,1,0.914,443.0,486.0,43.0
BP10,Space B,POST,4.79,2.34,2.37,2.45,44.7,78.1,58.0,ok,313.0,1,0.938,460.0,522.0,62.0
BP10,Space B,PRE,5.1,1.82,2.48,3.2799999999999994,49.0,74.6,58.4,ok,313.0,2,0.912,436.0,491.0,55.0
BP11,Space B,POST,3.18,1.99,3.52,1.1900000000000002,27.7,84.9,38.9,ok,336.0,0,0.97,504.0,572.0,68.0
BP11,Space B,PRE,3.54,2.2,4.25,1.3399999999999999,27.1,83.1,37.0,ok,329.0,3,0.909,512.0,578.0,66.0
BP12,Space B,POST,4.28,2.56,3.14,1.7200000000000002,40.3,86.3,65.9,ok,345.0,1,0.942,520.0,605.0,85.0
BP12,Space B,PRE,4.46,2.46,3.24,2.0,42.6,83.3,55.5,ok,351.0,1,0.964,520.0,581.0,61.0
