participant_id,site,perceived_restoration,affect_balance,positive_affect,negative_affect,rmssd_ms,mean_hr_bpm,sdnn_ms,pvt_median_rt_ms,pvt_lapses,flanker_interference_ms,flanker_accuracy
AP01,Space A,2.49,1.6399999999999997,0.8899999999999997,-0.7499999999999998,6.800000000000001,3.3999999999999986,-1.3999999999999986,-11.0,0.0,-27.0,0.05499999999999994
AP01,Space B,,,,,,,,,,,
AP02,Space A,0.4299999999999997,0.2999999999999998,0.71,0.4099999999999999,1.8000000000000043,1.7000000000000028,-3.5,-17.0,0.0,-2.0,-0.020999999999999908
AP02,Space B,,,,,,,,,,,
AP03,Space A,0.8200000000000003,0.9699999999999998,0.56,-0.4099999999999997,10.8,0.09999999999999432,6.799999999999997,-4.0,-4.0,-10.0,-0.0020000000000000018
AP03,Space B,,,,,,,,,,,
AP04,Space A,0.3400000000000003,0.5700000000000003,0.33000000000000007,-0.2400000000000002,-1.3000000000000043,5.700000000000003,-4.200000000000003,0.0,-4.0,-15.0,-0.04299999999999993
AP04,Space B,,,,,,,,,,,
AP05,Space A,0.10999999999999943,1.48,0.96,-0.52,2.700000000000003,1.5999999999999943,1.2000000000000028,0.0,0.0,-1.0,0.010999999999999899
AP05,Space B,,,,,,,,,,,
AP06,Space A,-0.79,-0.25000000000000044,-0.3600000000000003,-0.10999999999999988,-2.700000000000003,4.0,-8.399999999999999,-11.0,-5.0,-5.0,-0.026000000000000023
AP06,Space B,,,,,,,,,,,
AP07,Space A,-0.19999999999999973,0.2200000000000002,0.28000000000000025,0.06000000000000005,-1.7999999999999972,-0.09999999999999432,10.000000000000007,-5.0,-1.0,-2.0,-0.025999999999999912
AP07,Space B,,,,,,,,,,,
AP08,Space A,2.05,1.1900000000000008,0.4200000000000008,-0.77,15.399999999999999,3.3999999999999915,-7.399999999999999,-19.0,2.0,-20.0,0.029999999999999916
AP08,Space B,,,,,,,,,,,
AP09,Space A,1.0100000000000002,1.08,0.56,-0.52,2.8000000000000043,2.0,-2.200000000000003,-16.0,0.0,17.0,0.020000000000000018
AP09,Space B,,,,,,,,,,,
AP10,Space A,1.0999999999999996,1.2199999999999998,0.6299999999999999,-0.5899999999999999,7.900000000000002,4.200000000000003,-5.5000000000000036,-30.0,0.0,-43.0,0.020999999999999908
AP10,Space B,,,,,,,,,,,
AP11,Space A,0.7399999999999993,0.5300000000000002,0.17999999999999972,-0.3500000000000001,4.099999999999998,-0.19999999999998863,0.3999999999999986,-8.0,0.0,-30.0,0.006000000000000005
AP11,Space B,,,,,,,,,,,
AP12,Space A,0.6400000000000006,0.4100000000000006,0.17000000000000082,-0.24,6.600000000000001,4.5,-2.1999999999999957,-21.0,0.0,29.0,0.006000000000000005
AP12,Space B,,,,,,,,,,,
BP01,Space A,,,,,,,,,,,
BP01,Space B,0.27,0.5399999999999996,0.2899999999999996,-0.25,-2.6000000000000014,2.5999999999999943,0.8999999999999986,9.0,1.0,-7.0,0.018999999999999906
BP02,Space A,,,,,,,,,,,
BP02,Space B,0.1200000000000001,0.03999999999999959,-0.5700000000000003,-0.6099999999999999,1.7999999999999972,-0.29999999999999716,-4.799999999999997,-1.0,3.0,-26.0,0.006000000000000005
BP03,Space A,,,,,,,,,,,
BP03,Space B,0.5699999999999998,0.6499999999999999,0.18999999999999995,-0.45999999999999996,3.0,0.4000000000000057,5.099999999999994,22.0,0.0,-3.0,0.01200000000000001
BP04,Space A,,,,,,,,,,,
BP04,Space B,0.16000000000000014,-0.14000000000000012,-0.03000000000000025,0.10999999999999988,0.8999999999999986,5.200000000000003,-3.299999999999997,-16.0,1.0,2.0,0.029999999999999916
BP05,Space A,,,,,,,,,,,
BP05,Space B,0.16000000000000014,0.010000000000000231,0.1299999999999999,0.11999999999999966,-1.2999999999999972,4.700000000000003,1.1999999999999957,13.0,-7.0,25.0,0.03699999999999992
BP06,Space A,,,,,,,,,,,
BP06,Space B,1.25,1.3200000000000003,0.3200000000000003,-1.0,2.3000000000000007,1.9000000000000057,-2.0,-4.0,-2.0,-28.0,0.04799999999999993
BP07,Space A,,,,,,,,,,,
BP07,Space B,0.20999999999999996,0.79,0.3600000000000003,-0.4299999999999997,3.5999999999999943,3.5999999999999943,-0.10000000000000142,5.0,-1.0,19.0,0.0119999999999999
BP08,Space A,,,,,,,,,,,
BP08,Space B,0.8199999999999998,0.21999999999999975,0.05999999999999961,-0.16000000000000014,4.5,4.799999999999997,0.30000000000000426,-6.0,2.0,1.0,-0.006000000000000005
BP09,Space A,,,,,,,,,,,
BP09,Space B,-0.8199999999999994,-0.1499999999999999,0.08000000000000007,0.22999999999999998,-3.5,6.700000000000003,5.5,5.0,2.0,-10.0,0.07499999999999996
BP10,Space A,,,,,,,,,,,
BP10,Space B,-0.10999999999999988,-0.8299999999999992,-0.3099999999999996,0.5199999999999998,-4.299999999999997,3.5,-0.3999999999999986,0.0,-1.0,7.0,0.025999999999999912
BP11,Space A,,,,,,,,,,,
BP11,Space B,-0.73,-0.1499999999999997,-0.3599999999999999,-0.2100000000000002,0.5999999999999979,1.8000000000000114,1.8999999999999986,7.0,-3.0,2.0,0.06099999999999994
BP12,Space A,,,,,,,,,,,
BP12,Space B,-0.10000000000000009,-0.2799999999999998,-0.17999999999999972,0.10000000000000009,-2.3000000000000043,3.0,10.400000000000006,-6.0,0.0,24.0,-0.02200000000000002
